JD,ID
AI Intern- Job Description (12) (4) (1),JD_0001.pdf
AI_Engineer_Internship,JD_0002.pdf
App_Development_Internship,JD_0003.pdf
Front End Developer(Fresher-Batch 2025) -JD.docx (2),JD_0004.pdf
Harman DTS Global Internships,JD_0005.pdf
JD - Ad Insights Analyst,JD_0006.pdf
Job Description - SDET Intern ,JD_0007.pdf
Job Description â€“ Backend Developer (Intern)-am (1),JD_0008.pdf
Job_Full Stack Developer,JD_0009.pdf
McKinley Rice Job Description - MERN Stack Developer ,JD_0010.pdf
Promotion Strategist (Intern),JD_0011.pdf
Security Engineer   JD,JD_0012.pdf
"Software Developer(Fresher-2025 Batch, 9 months) - JD.docx",JD_0013.pdf
Software Quality Analyst(Fresher-Batch 2025)- JD.docx,JD_0014.pdf
Student Research Assistant (Intern),JD_0015.pdf
[rtCamp] Software Engineer (Trainee) Job Application Form 2024-2025,JD_0016.pdf
[rtCamp] Software Engineer (Trainee) Slide Deck 2024-2025,JD_0017.pdf
